City_ID,City,Lat,Lng,Max Temp,Humidity,Cloudiness,Wind Speed,Country,Date
0,avarua,-21.2078,-159.775,299.18,78,75,7.72,CK,1722026613
1,adamstown,-25.066,-130.1015,293.45,73,100,6.19,PN,1722026615
2,kenora,49.8167,-94.4337,301.69,65,75,7.2,CA,1722026617
3,arfoud,31.4348,-4.2375,306.84,16,86,4.96,MA,1722026618
4,susuman,62.7833,148.1667,283.31,55,7,0.52,RU,1722026620
5,albany,42.6001,-73.9662,300.88,46,3,1.34,US,1722026622
6,mohr,54.3528,9.7167,289.9,89,100,2.57,DE,1722026623
7,invercargill,-46.4,168.35,283.16,96,100,0.6,NZ,1722026563
8,rahimatpur,17.6,74.2,295.87,91,100,7.78,IN,1722026626
9,selfoss,63.9331,-20.9971,286.51,82,19,2.85,IS,1722026628
10,novodvinsk,64.4165,40.8122,286.01,65,20,2.29,RU,1722026630
11,kayangel,8.0823,134.7173,301.42,79,100,7.79,PW,1722026631
12,rudbar,30.15,62.6,307.01,21,34,3.81,AF,1722026633
13,zhangjiajie,29.1294,110.4783,298.63,94,0,0.61,CN,1722026634
14,grytviken,-54.2811,-36.5092,272.66,85,100,3.29,GS,1722026636
15,port blair,11.6667,92.75,302.17,84,75,5.14,IN,1722026638
16,kingston,17.997,-76.7936,306.68,66,20,7.2,JM,1722026504
17,slavgorod,52.9978,78.6449,296.46,63,100,3.71,RU,1722026641
18,kiunga,-6.1219,141.2906,296.21,100,100,0.57,PG,1722026643
19,port elizabeth,-33.918,25.5701,285.31,91,0,1.54,ZA,1722026644
20,tiksi,71.6872,128.8694,279.05,73,26,1.51,RU,1722026646
21,bethel,41.3712,-73.414,302.04,47,20,4.63,US,1722026647
22,ilulissat,69.2167,-51.1,278.15,73,100,3.63,GL,1722026649
23,bredasdorp,-34.5322,20.0403,282.25,88,0,2.42,ZA,1722026651
24,chinde,26.8212,87.7095,299.12,87,89,2.14,NP,1722026652
25,razole,16.4833,81.8333,297.49,89,100,4.03,IN,1722026654
26,inirida,3.8653,-67.9239,299.89,92,99,1.1,CO,1722026656
27,manay,7.215,126.5397,297.68,80,100,1.07,PH,1722026657
28,cabedelo,-6.9811,-34.8339,299.52,81,11,5.8,BR,1722026659
29,novyy urengoy,66.0833,76.6333,282.53,93,55,2.06,RU,1722026660
30,harper,4.375,-7.7169,297.72,85,99,4.91,LR,1722026662
31,benguela,-12.5763,13.4055,292.75,87,2,2.92,AO,1722026664
32,stanley,54.868,-1.6985,286.88,76,0,2.06,GB,1722026665
33,sao vicente,-23.9631,-46.3919,300.52,68,100,1.03,BR,1722026667
34,port-aux-francais,-49.35,70.2167,273.0,69,59,19.82,TF,1722026669
35,calingasta,-31.3308,-69.4078,294.19,5,1,1.66,AR,1722026670
36,lihue,21.9789,-159.3672,301.73,73,100,8.75,US,1722026672
37,san patricio,28.017,-97.5169,302.51,61,76,5.58,US,1722026673
38,lompoc,34.6391,-120.4579,308.23,37,0,5.47,US,1722026629
39,yellowknife,62.456,-114.3525,298.46,48,75,8.75,CA,1722026678
40,antsiranana,-12.2787,49.2917,295.08,88,52,4.0,MG,1722026680
41,fale old settlement,-9.3852,-171.2468,301.0,67,79,1.43,TK,1722026682
42,lalsot,26.5667,76.3333,303.28,74,70,2.17,IN,1722026683
43,medina,24.4686,39.6142,309.39,17,0,3.6,SA,1722026685
44,mil'kovo,55.6078,37.7956,292.78,61,18,1.73,RU,1722026686
45,minas de marcona,-15.2119,-75.1103,286.9,68,4,7.43,PE,1722026688
46,lakatoro,-16.0999,167.4164,296.89,71,57,7.29,VU,1722026690
47,kodiak,57.79,-152.4072,286.88,94,100,2.57,US,1722026691
48,buhe,30.2876,112.2298,301.15,78,5,7.93,CN,1722026693
49,port lincoln,-34.7333,135.8667,284.18,58,97,6.87,AU,1722026695
50,puerto deseado,-47.7503,-65.8938,282.67,45,100,15.65,AR,1722026696
51,codrington,-38.2667,141.9667,281.78,90,100,3.65,AU,1722026698
52,bilibino,68.0546,166.4372,277.48,69,100,1.99,RU,1722026700
53,concarneau,47.875,-3.9225,290.31,89,100,3.12,FR,1722026701
54,nemuro,43.3236,145.575,286.66,89,79,1.78,JP,1722026703
55,blackmans bay,-43.0167,147.3167,282.22,78,100,1.66,AU,1722026704
56,pisco,-13.7,-76.2167,291.18,72,0,5.14,PE,1722026706
57,chonchi,-42.6128,-73.8092,281.71,82,31,5.36,CL,1722026708
58,waitangi,-43.9535,-176.5597,281.94,98,4,0.45,NZ,1722026709
59,qaqortoq,60.7167,-46.0333,277.85,76,40,4.61,GL,1722026711
60,erenhot,43.6475,111.9767,294.83,59,18,4.31,CN,1722026713
61,okahao,-17.885,15.0667,290.02,17,0,4.56,NA,1722026714
62,isafjordur,66.0755,-23.124,280.49,94,99,1.76,IS,1722026716
63,alofi,-19.0595,-169.9187,298.09,78,75,5.14,NU,1722026717
64,thompson,55.7435,-97.8558,301.24,57,40,5.14,CA,1722026719
65,remire-montjoly,4.9167,-52.2667,299.17,89,66,1.03,GF,1722026721
66,hasaki,35.7333,140.8333,299.37,84,96,2.09,JP,1722026724
67,el sauzal de rodriguez,31.9,-116.6833,297.83,61,41,3.87,MX,1722026726
68,edinburgh of the seven seas,-37.0676,-12.3116,283.88,61,55,3.52,SH,1722026727
69,utrik,11.2278,169.8474,301.07,81,100,8.72,MH,1722026729
70,portland,45.5234,-122.6762,300.7,45,20,4.12,US,1722026674
71,ribeira grande,38.5167,-28.7,298.37,88,40,6.69,PT,1722026732
72,puyang chengguanzhen,35.7028,115.0053,298.23,96,0,4.4,CN,1722026734
73,midvagur,62.0511,-7.1939,284.61,93,100,6.17,FO,1722026735
74,manokwari,-0.8667,134.0833,298.88,80,52,1.61,ID,1722026737
75,kavaratti,10.5669,72.642,301.36,87,100,9.22,IN,1722026739
76,namdrik,5.5994,168.1028,301.74,77,95,5.12,MH,1722026740
77,olonkinbyen,70.9221,-8.7187,278.18,99,100,4.3,SJ,1722026742
78,iqaluit,63.7506,-68.5145,281.0,65,75,11.32,CA,1722026744
79,wailua homesteads,22.0669,-159.378,301.39,74,100,8.75,US,1722026745
80,vrindavan,27.5833,77.7,305.35,65,44,2.18,IN,1722026747
81,pratt,37.6439,-98.7376,306.49,33,0,7.2,US,1722026748
82,ushuaia,-54.8,-68.3,274.96,87,75,8.23,AR,1722026750
83,college,64.8569,-147.8028,293.33,79,100,5.14,US,1722026507
84,maintirano,-18.0667,44.0167,295.42,72,0,5.2,MG,1722026753
85,tera,14.0078,0.7531,302.91,59,68,3.51,NE,1722026755
86,longyearbyen,78.2186,15.6401,283.06,81,75,1.03,SJ,1722026757
87,punta arenas,-53.15,-70.9167,276.16,87,75,12.86,CL,1722026758
88,kalmunai,7.4167,81.8167,301.56,66,100,1.3,LK,1722026760
89,smithers,54.7804,-127.1743,289.33,72,100,4.63,CA,1722026761
90,la passe,45.5549,-0.8967,296.28,93,100,3.41,FR,1722026763
91,merizo village,13.2658,144.6691,298.7,95,99,2.57,GU,1722026765
92,roghun,38.7826,69.8708,296.32,40,0,1.53,TJ,1722026766
93,atafu village,-8.5421,-172.5159,301.0,68,76,1.02,TK,1722026768
94,sampang,-7.1872,113.2394,298.81,78,9,5.52,ID,1722026770
95,rongelap,11.1635,166.8941,301.33,79,64,8.32,MH,1722026771
96,mount pearl,47.5166,-52.7813,291.11,92,75,4.12,CA,1722026773
97,lerwick,60.1545,-1.1494,286.15,86,42,5.89,GB,1722026774
98,rajkot,22.3,70.7833,299.8,86,100,7.46,IN,1722026776
99,valparaiso,-33.0393,-71.6273,288.28,68,0,7.72,CL,1722026778
100,nikolayevsk-on-amure,53.1406,140.73,293.19,80,31,1.66,RU,1722026779
101,papatowai,-46.5619,169.4708,283.96,89,100,0.79,NZ,1722026781
102,tommot,58.9564,126.2925,294.39,76,1,1.04,RU,1722026783
103,al ghayzah,16.2079,52.176,298.83,90,100,5.56,YE,1722026784
104,howrah,22.5892,88.3103,302.15,89,40,2.57,IN,1722026786
105,villa huidobro,-34.8383,-64.5869,289.29,40,35,2.92,AR,1722026788
106,lebu,-37.6167,-73.65,282.26,62,5,5.47,CL,1722026789
107,kill devil hills,36.0307,-75.676,300.15,83,75,3.6,US,1722026687
108,avon,41.4517,-82.0354,300.1,60,20,6.17,US,1722026792
109,lowestoft,52.4752,1.7516,291.61,72,100,2.1,GB,1722026794
110,northam,51.0333,-4.2167,287.93,87,0,2.94,GB,1722026796
111,sao felix do xingu,-6.6447,-51.995,304.26,27,68,1.43,BR,1722026799
112,jinsha,32.0898,121.0735,302.04,60,100,10.51,CN,1722026800
113,saipan,15.1355,145.701,300.94,76,94,1.97,MP,1722026802
114,ayancik,41.9447,34.5861,294.71,88,100,3.97,TR,1722026804
115,burlington,39.8835,-74.6413,302.56,47,0,2.57,US,1722026805
116,norilsk,69.3535,88.2027,288.63,86,6,2.47,RU,1722026807
117,wynyard,-41.0,145.7167,279.92,95,100,1.29,AU,1722026809
118,champerico,14.3,-91.9167,308.45,68,100,2.86,GT,1722026810
119,whitehorse,60.7161,-135.0538,292.09,63,20,6.69,CA,1722026812
120,georgetown,5.4112,100.3354,302.11,78,20,1.03,MY,1722026813
121,inhambane,-23.865,35.3833,293.32,79,0,4.28,MZ,1722026815
122,talnakh,69.4865,88.3972,288.3,84,9,3.08,RU,1722026817
123,trincomalee,8.5711,81.2335,301.56,76,100,8.77,LK,1722026818
124,haiku-pauwela,20.9219,-156.3051,300.51,70,20,7.72,US,1722026820
125,margate,51.3813,1.3862,290.2,72,43,5.47,GB,1722026822
126,sydney mines,46.2367,-60.2177,297.65,72,75,5.14,CA,1722026823
127,klyuchi,52.2667,79.1667,296.57,64,99,2.14,RU,1722026825
128,happy valley-goose bay,53.3168,-60.3315,290.32,51,20,2.57,CA,1722026827
129,mawu,34.4307,104.9176,287.54,82,100,0.33,CN,1722026828
130,martapura,-3.4167,114.85,299.2,94,75,0.51,ID,1722026830
131,pacific grove,36.6177,-121.9166,299.38,81,0,5.14,US,1722026649
132,puerto santa,-8.9906,-78.6456,291.5,76,26,5.34,PE,1722026833
133,corinto,37.9407,22.9573,301.42,64,0,1.39,GR,1722026835
134,rabo de peixe,37.8,-25.5833,296.88,88,40,3.6,PT,1722026836
135,champua,22.0833,85.6667,298.93,92,100,4.28,IN,1722026838
136,okhotsk,59.3833,143.3,286.46,95,100,0.57,RU,1722026840
137,kattivakkam,13.2167,80.3167,303.79,73,100,6.88,IN,1722026841
138,tura,25.5198,90.2201,298.8,95,100,3.06,IN,1722026843
139,strathfieldsaye,-36.8,144.3667,278.85,60,60,1.97,AU,1722026844
140,iskateley,67.6803,53.1512,280.41,81,100,3.24,RU,1722026846
141,vilyuchinsk,52.9306,158.4028,285.3,85,75,0.83,RU,1722026848
142,beyneu,45.3167,55.2,300.0,30,19,2.8,KZ,1722026849
143,bode saadu,8.9333,4.7833,297.26,90,36,2.18,NG,1722026851
144,vorgashor,67.5833,63.95,281.55,91,100,1.95,RU,1722026852
145,st. john's,47.5649,-52.7093,291.57,92,75,4.12,CA,1722026854
146,alotau,-10.3069,150.4462,295.28,89,100,1.56,PG,1722026856
147,queenstown,-31.8976,26.8753,278.8,61,0,1.36,ZA,1722026857
148,ketchikan,55.3422,-131.6461,290.01,72,100,4.12,US,1722026805
149,myaydo,19.3667,95.2167,297.73,98,100,4.03,MM,1722026860
150,whitefish,48.4111,-114.3376,298.43,28,0,6.69,US,1722026864
151,geraldton,-28.7667,114.6,282.38,93,0,3.09,AU,1722026865
152,cabo san lucas,22.8909,-109.9124,309.05,58,40,6.92,MX,1722026867
153,urumqi,43.801,87.6005,299.68,30,0,1.0,CN,1722026869
154,hithadhoo,-0.6,73.0833,302.09,71,90,3.9,MV,1722026870
155,uturoa,-16.7333,-151.4333,298.47,66,21,6.59,PF,1722026872
156,catbalogan,11.85,124.9167,297.06,92,92,1.2,PH,1722026874
157,port moresby,-9.4431,147.1797,297.83,83,40,5.14,PG,1722026875
158,port douglas,-16.4833,145.4667,294.29,82,51,3.05,AU,1722026877
159,khunti,23.0833,85.2833,298.21,92,92,6.25,IN,1722026879
160,itoman,26.1247,127.6694,302.26,87,75,7.72,JP,1722026684
161,daru,-9.0763,143.2092,297.59,88,100,6.87,PG,1722026882
162,east london,-33.0153,27.9116,288.65,75,24,2.85,ZA,1722026883
163,umm kaddadah,13.6017,26.6876,304.72,43,100,5.22,SD,1722026885
164,igarka,67.4667,86.5833,286.84,95,98,3.42,RU,1722026887
165,goz beida,13.95,20.55,299.62,76,95,3.46,TD,1722026888
166,escarcega,18.6089,-90.7454,308.09,43,68,1.79,MX,1722026658
167,swakopmund,-22.6833,14.5333,284.81,82,0,0.45,NA,1722026891
168,pyin oo lwin,22.0333,96.4667,292.85,94,87,0.74,MM,1722026893
169,coquimbo,-29.9533,-71.3436,289.0,59,0,5.14,CL,1722026895
170,wagar,16.1525,36.2032,298.54,77,100,3.24,SD,1722026896
171,nova olinda do norte,-3.8881,-59.0942,303.18,59,89,0.74,BR,1722026898
172,shimoda,34.6667,138.95,300.43,94,100,4.43,JP,1722026711
173,caleta olivia,-46.4393,-67.5281,283.98,44,98,13.02,AR,1722026901
174,west island,-12.1568,96.8225,299.14,89,75,3.09,CC,1722026903
175,carnarvon,-24.8667,113.6333,288.56,57,0,5.15,AU,1722026904
176,torghay,49.6339,63.4981,291.93,53,2,3.57,KZ,1722026906
177,yamada,39.4667,141.95,293.38,100,100,1.66,JP,1722026908
178,puerto natales,-51.7236,-72.4875,276.4,75,75,4.63,CL,1722026909
179,kertih,4.5141,103.4483,300.16,94,100,0.0,MY,1722026911
180,alto araguaia,-17.3147,-53.2153,299.48,20,3,1.73,BR,1722026913
181,sanya,18.2431,109.505,301.24,89,20,1.0,CN,1722026914
182,at taj,24.2049,23.2857,304.76,20,14,4.47,LY,1722026916
183,vadso,70.0744,29.7487,292.64,82,0,3.6,NO,1722026917
184,cidade velha,14.9167,-23.6167,300.41,74,20,2.57,CV,1722026919
185,duayaw-nkwanta,7.1724,-2.1028,295.91,92,67,1.44,GH,1722026921
186,castillos,-34.1667,-53.8333,282.33,86,0,1.9,UY,1722026922
187,homer,59.6425,-151.5483,287.08,89,100,4.63,US,1722026924
188,shilovo,54.3204,40.874,289.74,63,76,1.07,RU,1722026926
189,luena,-11.7833,19.9167,286.96,18,0,1.27,AO,1722026927
190,grasse,43.6667,6.9167,296.96,74,0,1.03,FR,1722026772
191,douglas,41.3,-96.167,306.9,56,0,4.63,US,1722026930
192,camocim,-2.9022,-40.8411,300.08,70,57,9.44,BR,1722026932
193,cidreira,-30.1811,-50.2056,289.48,86,70,3.48,BR,1722026934
194,namibe,-15.1961,12.1522,289.47,83,49,1.25,AO,1722026935
195,aasiaat,68.7098,-52.8699,275.83,95,100,4.98,GL,1722026939
196,ancud,-41.8697,-73.8203,281.78,83,73,9.68,CL,1722026940
197,fraga,41.5229,0.3489,301.61,55,2,5.86,ES,1722026942
198,crane,31.3974,-102.3501,307.58,21,0,4.69,US,1722026944
199,pizarro,4.9533,-77.366,300.62,79,86,3.45,CO,1722026945
200,vanino,49.0869,140.2543,289.97,88,24,0.59,RU,1722026947
201,jamestown,42.097,-79.2353,297.92,46,0,1.54,US,1722026948
202,san luis de la loma,17.2706,-100.8939,304.81,62,90,4.16,MX,1722026950
203,badger,64.8,-147.5333,293.29,78,75,5.14,US,1722026953
204,sarmiento,-45.5882,-69.07,281.32,54,68,11.23,AR,1722026955
205,hargeysa,9.56,44.065,295.56,65,86,9.34,SO,1722026957
206,katsuura,35.1333,140.3,299.02,92,100,2.69,JP,1722026958
207,alice springs,-23.7,133.8833,279.9,100,29,2.57,AU,1722026960
208,antofagasta,-23.65,-70.4,287.75,78,13,3.19,CL,1722026962
209,malvan,16.0667,73.4667,300.76,83,100,10.77,IN,1722026963
210,dosso,13.049,3.1937,302.99,63,78,5.88,NE,1722026965
211,eyl,7.9803,49.8164,298.73,77,100,11.58,SO,1722026966
212,yulinshi,38.2906,109.7494,298.4,47,60,2.19,CN,1722026968
213,port-vila,-17.7338,168.3219,293.93,73,75,4.63,VU,1722026970
214,hawaiian paradise park,19.5933,-154.9731,300.78,73,100,3.09,US,1722026971
215,glace bay,46.1969,-59.957,297.53,69,75,5.14,CA,1722026975
216,nuuk,64.1835,-51.7216,278.49,87,100,11.32,GL,1722026976
217,kristiansund,63.1115,7.732,287.66,96,75,1.03,NO,1722026978
218,praia da vitoria,38.7333,-27.0667,301.29,65,20,3.75,PT,1722026979
219,saint-philippe,-21.3585,55.7679,293.92,79,8,2.06,RE,1722026981
220,pazin,45.2403,13.9367,297.33,67,0,1.31,HR,1722026983
221,piti village,13.4626,144.6933,298.88,93,0,0.0,GU,1722026984
222,banda aceh,5.5577,95.3222,300.4,74,99,5.01,ID,1722026986
223,new plymouth,-39.0667,174.0833,284.15,100,95,1.47,NZ,1722026988
224,margaret river,-33.95,115.0667,285.99,68,15,3.61,AU,1722026989
225,vila velha,-20.3297,-40.2925,298.12,81,20,7.72,BR,1722026991
226,anadyr,64.75,177.4833,282.43,70,75,7.0,RU,1722026993
227,petropavlovsk-kamchatsky,53.0452,158.6483,284.48,100,20,2.0,RU,1722026994
228,afaahiti,-17.75,-149.2833,299.08,68,100,6.81,PF,1722026996
229,jaen,38.0,-3.5,302.56,21,4,2.67,ES,1722026998
230,bikenibeu village,1.3673,173.1241,302.13,74,20,4.12,KI,1722026999
231,puerto ayora,-0.7393,-90.3518,298.13,94,36,2.24,EC,1722027001
232,tazovsky,67.4667,78.7,281.36,98,94,2.85,RU,1722027002
233,vila franca do campo,37.7167,-25.4333,297.38,87,6,4.2,PT,1722027004
234,severo-yeniseyskiy,60.3725,93.0408,292.24,73,83,0.67,RU,1722027006
235,minzhu,43.7286,127.3447,296.01,98,100,1.81,CN,1722027007
236,hun,29.1268,15.9477,303.87,36,0,8.2,LY,1722027009
237,zambezi,-13.5432,23.1047,288.89,20,0,1.49,ZM,1722027011
238,massenya,11.4039,16.1705,299.2,78,100,2.9,TD,1722027012
239,enewetak,11.3474,162.3373,301.8,76,100,9.22,MH,1722027014
240,beaufort west,-32.3567,22.583,283.02,72,3,1.16,ZA,1722027016
241,aldama,22.9167,-98.0667,303.43,58,66,5.01,MX,1722027017
242,tralee,52.2704,-9.7026,285.45,87,99,2.55,IE,1722027021
243,kaeng khro,16.1086,102.2581,297.65,91,100,3.35,TH,1722027022
244,quitilipi,-26.8691,-60.2168,299.03,49,0,1.64,AR,1722026977
245,tarauaca,-8.1614,-70.7656,308.9,26,71,0.87,BR,1722027029
246,nouadhibou,20.931,-17.0347,296.14,83,40,5.66,MR,1722027030
247,arraial do cabo,-22.9661,-42.0278,297.13,73,0,3.6,BR,1722027032
248,tamanrasset,22.785,5.5228,303.1,10,0,2.06,DZ,1722027034
249,tonnerre,47.8563,3.9737,291.76,94,99,1.38,FR,1722027035
250,mae chan,20.1467,99.8526,297.96,99,97,0.11,TH,1722027037
251,hoemul-li,41.4339,129.67,295.33,100,100,1.3,KP,1722027039
252,prabumulih,-3.45,104.25,295.02,97,4,1.6,ID,1722027041
253,machali,-34.1833,-70.6667,284.27,62,100,4.12,CL,1722026915
254,aswan,24.0934,32.907,308.13,19,93,6.78,EG,1722027044
255,lorengau,-2.0226,147.2712,300.54,79,98,3.08,PG,1722027045
256,laguna,38.421,-121.4238,312.28,21,0,5.14,US,1722027047
257,floro,61.5996,5.0328,287.19,82,100,4.63,NO,1722027049
258,natal,-5.795,-35.2094,299.51,73,20,6.69,BR,1722026917
259,leua,48.2156,18.6071,296.2,52,13,2.08,SK,1722027052
260,hamilton,39.1834,-84.5333,303.15,42,0,4.12,US,1722027054
261,port shepstone,-30.7414,30.455,289.27,63,0,3.52,ZA,1722027055
262,malampaka,-3.1333,33.5333,294.98,32,28,2.38,TZ,1722027057
263,cova figueira,14.8905,-24.2934,293.55,83,73,0.5,CV,1722027058
264,dryden,49.7833,-92.7503,303.31,58,0,7.72,CA,1722027060
265,brigantine,39.4101,-74.3646,300.48,61,100,4.97,US,1722027063
266,duyun,26.2667,107.5167,296.5,91,85,1.39,CN,1722027065
267,jayapura,-2.5333,140.7,298.81,94,84,3.41,ID,1722027067
268,wenchang,30.904,118.4887,298.62,96,100,3.94,CN,1722027068
269,yelizovo,53.1873,158.3805,285.23,100,20,2.0,RU,1722027070
270,sandnessjoen,66.0217,12.6316,291.44,77,75,4.12,NO,1722027072
271,serik,36.9169,31.0989,305.23,61,0,2.28,TR,1722027073
272,new norfolk,-42.7826,147.0587,282.87,91,85,1.39,AU,1722027075
273,humberto de campos,-2.5983,-43.4611,299.22,68,27,3.06,BR,1722027077
274,port mathurin,-19.6833,63.4167,295.82,75,1,7.95,MU,1722027078
275,turpan,42.9333,89.1667,311.63,16,100,1.25,CN,1722027080
276,hilo,19.7297,-155.09,299.96,84,100,3.09,US,1722027081
277,zaysan,47.4667,84.8667,295.8,39,0,2.84,KZ,1722027083
278,rio grande,-32.035,-52.0986,290.21,84,0,3.09,BR,1722026832
279,quellon,-43.1167,-73.6167,281.38,81,42,8.13,CL,1722027086
280,pangody,65.85,74.4859,281.13,94,47,1.78,RU,1722027088
281,keflavik,64.0049,-22.5624,286.1,100,100,7.2,IS,1722027090
282,mount isa,-20.7333,139.5,292.02,77,100,2.57,AU,1722027091
283,ifrane,33.3333,-5.25,294.86,30,0,3.16,MA,1722027093
284,villa yapacani,-17.4,-63.8333,305.16,36,0,3.33,BO,1722027094
285,weno,7.4515,151.8468,298.12,88,100,1.54,FM,1722027096
286,port alfred,-33.5906,26.891,287.68,79,9,3.69,ZA,1722027098
287,hermanus,-34.4187,19.2345,284.15,83,0,5.69,ZA,1722027099
288,abilene,32.4487,-99.7331,308.97,31,0,2.57,US,1722026828
289,mossel bay,-34.1831,22.146,286.04,81,0,2.06,ZA,1722027102
290,mar del plata,-38.0023,-57.5575,284.16,88,0,4.92,AR,1722027104
291,juba,4.8517,31.5825,295.03,94,100,3.24,SS,1722027106
292,galliano,29.4422,-90.2992,304.26,65,75,2.43,US,1722027107
293,tarko-sale,64.9225,77.785,284.26,83,65,2.99,RU,1722027111
294,kayenta,36.7278,-110.2546,305.28,19,30,5.63,US,1722027112
295,nagqu,31.5,92.0,279.77,94,100,1.26,CN,1722027114
296,terrace,54.5163,-128.6035,292.71,63,100,0.0,CA,1722027115
297,grande prairie,55.1667,-118.8027,289.25,67,75,5.66,CA,1722027117
298,talcahuano,-36.7167,-73.1167,283.97,58,0,5.14,CL,1722027119
299,san antonio de pale,-1.4014,5.6325,296.39,86,96,4.97,GQ,1722027120
300,poisy,45.9231,6.0644,295.73,64,75,1.54,FR,1722027122
301,kunwi,36.2347,128.5728,301.69,94,94,1.62,KR,1722027124
302,ponta grossa,-25.095,-50.1619,291.25,57,100,1.36,BR,1722027125
303,chilecito,-29.1619,-67.4974,291.66,17,70,5.15,AR,1722027127
304,usevia,-7.1,31.2333,293.38,26,1,1.43,TZ,1722027129
305,komsomol'skiy,43.9783,46.6985,296.38,70,100,2.07,RU,1722027130
306,constantia,44.1833,28.65,293.54,70,0,3.97,RO,1722027132
307,craig,40.5153,-107.5464,300.94,15,75,4.76,US,1722027133
308,santa cruz,-17.8,-63.1667,305.85,48,20,8.23,BO,1722027135
309,butembo,0.15,29.2833,288.49,86,84,1.31,CD,1722027137
310,malango,-2.9627,119.9001,291.65,99,43,0.92,ID,1722027138
311,yangambi,0.8102,24.4336,295.87,86,60,0.79,CD,1722027140
312,sanctuary point,-35.1114,150.629,280.48,66,59,2.73,AU,1722027142
313,shanhaiguan,39.9988,119.7564,295.81,95,22,2.14,CN,1722027143
314,garissa,-0.4536,39.6401,297.32,68,28,8.13,KE,1722027145
315,kisangani,0.5167,25.2,296.12,86,48,0.68,CD,1722027148
316,villa gesell,-37.2639,-56.973,283.18,76,38,4.38,AR,1722027150
317,el calafate,-50.3408,-72.2768,273.46,95,100,2.66,AR,1722027152
318,brookings,44.3114,-96.7984,306.03,61,0,7.2,US,1722027153
319,staraya kulatka,52.7167,47.6167,285.05,68,59,2.58,RU,1722027155
320,saint-francois,46.4154,3.9054,295.19,75,0,1.54,FR,1722027156
321,polyarnyy,69.1989,33.4478,290.88,64,9,2.62,RU,1722027158
322,chernyshevskiy,63.0128,112.4714,288.51,93,100,1.44,RU,1722027163
323,dolores,-36.3132,-57.6792,284.44,64,0,3.4,AR,1722027165
324,port augusta,-32.5,137.7667,283.69,79,100,1.82,AU,1722027166
325,hami,42.8,93.45,304.43,17,52,2.86,CN,1722027168
326,vernon,50.2581,-119.2691,298.87,36,0,1.54,CA,1722026953
327,novo oriente,-5.5344,-40.7742,299.4,31,55,1.49,BR,1722027171
328,bazarak,35.3129,69.5152,289.76,45,0,5.34,AF,1722027173
329,sur,22.5667,59.5289,306.44,48,89,6.16,OM,1722027174
330,labrador city,52.9463,-66.9114,293.25,34,0,3.09,CA,1722027176
331,solleftea,63.1667,17.2667,290.07,90,87,1.57,SE,1722027178
332,tataouine,32.9297,10.4518,300.72,43,0,3.19,TN,1722027179
333,hobyo,5.3505,48.5268,297.33,88,74,10.79,SO,1722027181
334,tazacorte,28.629,-17.9293,295.69,78,0,5.14,ES,1722027183
335,nungua,5.6011,-0.0771,298.38,88,40,5.14,GH,1722027184
336,bambanglipuro,-7.95,110.2833,296.53,89,95,4.07,ID,1722027188
337,vesoul,47.5833,5.8333,295.6,76,82,0.54,FR,1722027189
338,suva,-18.1416,178.4415,293.86,94,75,3.09,FJ,1722027191
339,vikhorevka,56.1201,101.1636,292.92,93,100,0.87,RU,1722027193
340,detroit lakes,46.8172,-95.8453,303.18,73,0,6.69,US,1722027181
341,bereznik,62.8551,42.7072,286.96,61,100,1.9,RU,1722027196
342,ust'-ilimsk,58.0006,102.6619,290.17,94,100,1.1,RU,1722027197
343,tegueste,28.5167,-16.3167,297.64,94,20,7.2,ES,1722027199
344,rondonopolis,-16.4708,-54.6356,304.42,17,3,2.0,BR,1722027201
345,naze,28.3667,129.4833,300.66,86,57,5.17,JP,1722027202
346,nova vicosa,-17.8919,-39.3719,296.29,75,11,3.23,BR,1722027204
347,sitka,57.0531,-135.33,289.09,72,75,1.54,US,1722027207
348,ha giang,22.8333,104.9833,299.87,88,86,1.44,VN,1722027209
349,akureyri,65.6835,-18.0878,283.11,87,75,4.12,IS,1722027211
350,djibo,14.1022,-1.6306,306.35,47,84,5.67,BF,1722027212
351,al burayqah,30.4062,19.5739,300.75,77,0,6.69,LY,1722027214
352,roccella ionica,38.322,16.4009,298.6,75,0,2.67,IT,1722027215
353,tofol,5.3248,163.0078,301.36,79,100,5.71,FM,1722027217
354,akrehamn,59.2667,5.1833,288.94,82,40,3.09,NO,1722027219
355,pangoa,-12.1167,-73.0,304.16,43,8,2.23,PE,1722027220
356,vytegra,61.0064,36.4481,289.43,79,43,1.83,RU,1722027224
357,baiti,13.745,-14.7482,301.41,73,88,3.85,SN,1722027225
358,xai-xai,-25.0519,33.6442,290.87,80,0,4.67,MZ,1722027227
359,borogontsy,62.6683,131.1683,288.45,92,100,3.06,RU,1722027229
360,kingscliff,-28.2667,153.5667,285.04,100,2,1.54,AU,1722027230
361,colonia menno,-22.3667,-59.8167,305.51,26,99,2.5,PY,1722027232
362,udachny,66.4167,112.4,285.88,58,69,1.47,RU,1722027234
363,acaponeta,22.4964,-105.3594,303.99,74,51,1.84,MX,1722027235
364,conde,-7.2597,-34.9075,298.85,73,20,5.14,BR,1722027237
365,kamogawa,35.1,140.1,299.89,90,100,1.58,JP,1722027239
366,sao joao da barra,-21.6403,-41.0511,299.2,82,4,7.5,BR,1722027240
367,chibougamau,49.9168,-74.3659,294.94,37,0,2.06,CA,1722027242
368,prince rupert,54.3161,-130.3201,288.98,86,100,6.69,CA,1722027245
369,sisimiut,66.9395,-53.6735,278.89,74,100,8.22,GL,1722027247
370,sangueya,10.7,-14.3667,297.54,95,100,2.01,GN,1722027248
371,fort mcmurray,56.7268,-111.381,292.92,59,75,4.63,CA,1722027250
372,barberton,-25.7884,31.0532,289.18,61,2,1.87,ZA,1722027252
373,dunedin,-45.8742,170.5036,284.71,67,99,1.85,NZ,1722027253
374,jinchang,38.4953,102.1739,297.29,43,100,3.71,CN,1722027257
375,ulanhot,46.0833,122.0833,292.97,98,99,2.75,CN,1722027258
376,ejigbo,7.9,4.3167,295.3,94,29,2.38,NG,1722027260
377,zmeinogorsk,51.1567,82.195,292.2,85,3,1.77,RU,1722027262
378,saint-pierre,-21.3393,55.4781,293.97,52,0,3.6,RE,1722027263
379,kourou,5.1552,-52.6478,299.18,78,96,2.18,GF,1722027265
380,kuta,-8.7233,115.1723,298.88,80,42,7.45,ID,1722027266
381,sinabang,2.4803,96.3801,300.26,83,100,2.37,ID,1722027268
382,aykhal,66.0,111.5,286.05,70,100,0.78,RU,1722027270
383,sonta,45.5947,19.0981,293.14,40,4,1.39,RS,1722027271
384,lijiang,26.8688,100.2207,288.84,94,99,1.11,CN,1722027273
385,dom pedro,-4.4833,-44.45,300.57,38,20,0.79,BR,1722027275
386,tongchuanshi,35.0806,109.0897,296.81,79,100,3.5,CN,1722027278
387,mugia,43.1041,-9.2179,295.46,90,98,6.92,ES,1722027279
388,mazagao,-0.115,-51.2894,304.18,69,84,1.43,BR,1722027281
389,island harbour,50.724,-1.2758,290.19,67,35,0.45,GB,1722027283
390,i-n-salah,27.1935,2.4607,308.09,11,1,6.0,DZ,1722027284
391,as sulayyil,20.4607,45.5779,306.29,14,89,3.47,SA,1722027286
392,strezhevoy,60.7333,77.5889,286.43,90,13,4.0,RU,1722027012
393,shingu,33.7333,135.9833,299.27,90,95,2.28,JP,1722027289
394,puloypuloy,6.6352,124.096,299.19,83,100,1.05,PH,1722027291
395,cadale,2.7603,46.3222,297.92,88,11,6.4,SO,1722027292
396,greymouth,-42.4667,171.2,284.15,92,77,0.52,NZ,1722027294
397,chui,-33.6971,-53.4616,283.39,86,0,2.43,UY,1722027296
398,yung shue wan,22.2333,114.1167,303.01,88,100,7.35,HK,1722027297
399,bembereke,10.2283,2.6634,295.55,95,25,2.49,BJ,1722027299
400,auki,-8.7676,160.7034,299.13,85,100,2.48,SB,1722027302
401,miyako,39.6367,141.9525,293.67,100,100,1.83,JP,1722027304
402,egilsstadir,65.2653,-14.3948,283.1,93,100,4.63,IS,1722027305
403,khuzdar,27.7384,66.6434,302.88,53,65,3.08,PK,1722027307
404,suhbaatar,50.2314,106.2078,290.45,93,100,1.15,MN,1722027309
405,"laikit, laikit ii (dimembe)",1.4792,124.9735,294.62,94,20,1.03,ID,1722027310
406,cambria,35.5641,-121.0808,311.06,55,17,5.48,US,1722027312
407,myanaung,18.2833,95.3167,297.93,95,100,5.15,MM,1722027314
408,kurchatov,51.6601,35.6521,289.38,57,31,3.25,RU,1722027315
409,trairi,-3.2778,-39.2689,298.47,78,69,5.52,BR,1722027317
410,lubang,13.8584,120.124,301.89,78,100,7.71,PH,1722027318
411,puerto ayacucho,5.6639,-67.6236,298.5,94,99,1.86,VE,1722027320
412,kholmsk,47.0511,142.0569,289.04,88,45,0.4,RU,1722027322
413,salinas,36.6777,-121.6555,301.88,65,0,5.66,US,1722027323
414,cold lake,54.4502,-110.2017,286.12,94,100,10.8,CA,1722027325
415,pimentel,-6.8367,-79.9342,294.31,64,0,6.69,PE,1722027326
416,taro,-8.3862,115.28,291.97,100,73,0.65,ID,1722027328
417,danielskuil,-28.1887,23.5395,279.55,25,0,2.36,ZA,1722027330
418,ilha de mocambique,-15.0342,40.7358,296.45,65,0,3.87,MZ,1722027331
419,pollock pines,38.7613,-120.5866,306.51,15,0,4.63,US,1722027335
420,la foa,-21.7108,165.8276,291.29,67,0,0.75,NC,1722027336
421,nchelenge,-9.3451,28.734,291.52,34,0,2.6,ZM,1722027338
422,jingdezhen,29.2947,117.2079,298.29,99,100,0.48,CN,1722027339
423,port isabel,26.0734,-97.2086,304.2,74,75,5.66,US,1722027341
424,suklayin,15.7574,121.5503,297.94,87,100,1.98,PH,1722027343
425,pimenta bueno,-11.6725,-61.1936,308.79,19,0,1.73,BR,1722027344
426,isla mujeres,21.2311,-86.731,303.8,70,81,4.27,MX,1722027346
427,ust-nera,64.5667,143.2,287.28,49,32,1.78,RU,1722027348
428,tolanaro,-25.0319,46.9987,293.19,83,20,1.03,MG,1722027349
429,darwin,-12.4611,130.8418,298.14,78,100,2.06,AU,1722027351
430,nova sintra,14.8667,-24.7167,298.98,81,17,1.27,CV,1722027352
431,mulayjah,27.271,48.4242,308.88,18,97,1.52,SA,1722027354
432,dapa,9.7594,126.0531,300.48,77,100,1.66,PH,1722027356
433,piterka,50.6803,47.4454,288.55,59,46,2.91,RU,1722027357
434,den burg,53.0542,4.7972,290.35,88,100,1.54,NL,1722027359
435,ust-tsilma,65.441,52.1498,281.82,81,4,2.2,RU,1722027361
436,westport,41.1415,-73.3579,302.48,45,20,5.66,US,1722027298
437,kailua-kona,19.6406,-155.9956,302.19,66,0,4.63,US,1722027364
438,dudinka,69.4058,86.1778,287.34,96,6,3.45,RU,1722027365
439,flying fish cove,-10.4217,105.6791,297.97,83,75,5.66,CX,1722027367
440,woolgoolga,-30.1106,153.2007,284.84,82,99,2.14,AU,1722027369
441,north bend,43.4065,-124.2243,296.47,72,0,11.32,US,1722027370
442,greenville,35.6127,-77.3663,300.17,90,100,1.54,US,1722027372
443,narasimharajapura,13.6167,75.5167,294.59,88,100,5.53,IN,1722027374
444,kale,50.9581,1.8521,289.8,83,67,6.28,FR,1722027375
445,nkhata bay,-11.6066,34.2907,292.3,36,0,2.44,MW,1722027379
446,esikhaleni,-28.871,31.8996,289.71,74,0,1.69,ZA,1722027380
447,necochea,-38.5473,-58.7368,283.04,66,19,4.82,AR,1722027382
448,dampit,-8.2116,112.7493,292.6,99,56,1.95,ID,1722027383
449,kulhudhuffushi,6.6221,73.07,301.77,82,100,7.52,MV,1722027385
450,sesheke,-17.4759,24.2968,290.94,14,0,1.0,ZM,1722027387
451,ceerigaabo,10.6162,47.368,292.32,67,100,8.23,SO,1722027388
452,talakan,50.3167,130.3667,292.14,81,100,2.02,RU,1722027390
453,holbeach,52.804,0.0144,290.36,67,75,1.54,GB,1722027392
454,santiago de cao,-7.9589,-79.2392,292.22,72,0,4.63,PE,1722027393
455,zaraza,9.3503,-65.3245,303.63,68,52,3.1,VE,1722027395
456,inyati,-19.6756,28.8469,286.64,16,0,1.63,ZW,1722027396
457,warman,52.3168,-106.5679,297.1,36,75,13.89,CA,1722027398
458,bafra,41.5678,35.9069,293.71,94,100,3.68,TR,1722027400
459,urangan,-25.3,152.9,291.6,75,89,0.71,AU,1722027401
460,usinsk,65.9939,57.5281,284.88,66,92,4.38,RU,1722027403
461,grand falls-windsor,48.9332,-55.6649,292.87,84,100,0.45,CA,1722027405
462,as samawah,31.332,45.2944,310.88,15,1,4.08,IQ,1722027406
463,eraan,9.0629,117.7016,299.05,87,100,1.61,PH,1722027408
464,gadzhiyevo,69.2551,33.3362,291.17,65,8,2.75,RU,1722027409
465,mejit,10.2753,170.8646,301.37,81,99,8.6,MH,1722027411
466,agropoli,40.3469,14.9966,299.31,61,0,2.11,IT,1722027413
467,miahuatlan de porfirio diaz,16.3333,-96.6,299.11,53,43,1.04,MX,1722027416
468,taroa,8.7058,171.2275,301.65,80,98,7.91,MH,1722027418
469,huron,41.1501,-82.5499,299.25,55,0,4.24,US,1722027419
470,piacabucu,-10.4056,-36.4344,296.64,71,8,4.04,BR,1722027421
471,ta`u,-14.2336,-169.5144,300.33,78,25,6.88,AS,1722027423
472,atbasar,51.8,68.3333,287.79,76,0,4.58,KZ,1722027424
473,nadym,65.5333,72.5167,281.23,93,64,2.1,RU,1722027426
474,colonia,50.9333,6.95,294.77,74,75,2.06,DE,1722027427
475,urvan',43.4922,43.7606,293.55,83,75,2.0,RU,1722027429
476,kirakira,-10.4544,161.9205,298.74,83,100,3.86,SB,1722027431
477,thrissur,10.5167,76.2167,299.14,95,100,1.84,IN,1722027432
478,cabugao,17.7931,120.4578,301.98,88,100,4.67,PH,1722027434
479,lib,8.3122,167.3766,301.71,79,100,7.06,MH,1722027436
480,al bardiyah,31.7561,25.0865,299.42,79,0,5.03,LY,1722027437
481,linhares,-19.3911,-40.0722,297.08,69,88,4.11,BR,1722027439
482,bodo,67.28,14.405,293.17,60,0,4.12,NO,1722027440
483,al quwayrah,29.8004,35.3116,302.15,50,0,2.93,JO,1722027442
484,sokoni,-6.4333,39.55,297.07,74,3,7.03,TZ,1722027444
485,visby,57.6409,18.296,290.27,88,100,2.57,SE,1722027445
486,masterton,-40.9597,175.6575,284.2,82,100,2.01,NZ,1722027447
487,isiro,2.7739,27.616,292.8,89,29,0.65,CD,1722027449
488,jardim,-21.4803,-56.1381,301.61,29,100,0.82,BR,1722027450
489,padang,-0.9492,100.3543,297.18,88,46,1.89,ID,1722027452
490,sarangani,5.4033,125.4636,300.67,78,100,4.23,PH,1722027453
491,magadan,59.5667,150.8,286.79,50,1,4.65,RU,1722027455
492,yuzhno-kurilsk,44.0306,145.8556,287.2,90,18,1.49,RU,1722027457
493,laibin,23.7,109.2667,301.67,85,100,1.69,CN,1722027458
494,menongue,-14.6585,17.691,287.5,18,0,0.7,AO,1722027460
495,kalifornsky,60.4183,-151.29,287.19,99,100,3.6,US,1722027462
496,thinadhoo,0.5333,72.9333,302.0,73,100,2.98,MV,1722027463
497,kirensk,57.7853,108.1119,293.37,86,79,1.93,RU,1722027465
498,murghob,38.1702,73.9667,286.14,45,5,2.24,TJ,1722027466
499,maiduguri,11.8464,13.1603,301.4,64,98,5.72,NG,1722027468
500,derzhavinsk,51.1,66.3167,289.04,69,0,6.69,KZ,1722027470
501,ban dan lan hoi,17.0068,99.575,298.0,91,100,2.72,TH,1722027471
502,nzega,-2.479,29.5564,290.95,44,99,1.8,RW,1722027473
503,puerto lopez,4.0845,-72.956,297.31,89,100,1.59,CO,1722027475
504,sidi ifni,29.3797,-10.173,299.01,80,6,3.23,MA,1722027476
505,cooper's town,26.8667,-77.5167,301.66,73,2,4.5,BS,1722027478
506,lospalos,-8.5186,127.0025,293.87,98,50,1.49,TL,1722027479
507,angaur state,6.906,134.13,301.28,77,100,6.19,PW,1722027481
508,dubovka,49.0583,44.829,291.68,55,0,3.71,RU,1722027483
509,east end,34.5507,-92.341,301.88,78,100,3.56,US,1722027484
510,hampton bays,40.869,-72.5176,301.45,48,0,4.63,US,1722027486
511,kharp,66.8014,65.8081,283.84,86,100,2.43,RU,1722027488
512,tangalle,6.024,80.7911,299.61,87,90,4.11,LK,1722027489
513,zhezqazghan,47.7833,67.7667,292.47,42,0,4.0,KZ,1722027491
514,kaeng khoi,14.5862,100.9976,300.3,95,100,2.94,TH,1722027492
515,harstad,68.799,16.5293,293.28,83,88,1.17,NO,1722027494
516,santana,-0.0583,-51.1817,304.25,66,20,3.09,BR,1722027496
517,fortuna,40.5982,-124.1573,292.55,78,0,6.69,US,1722027497
518,palu,-0.8917,119.8707,296.71,97,29,1.36,ID,1722027499
519,ribeira brava,32.65,-17.0667,297.5,81,0,1.79,PT,1722027501
520,chekmagush,55.1319,54.6556,283.99,97,100,9.35,RU,1722027502
521,baoshan,46.5586,131.4244,292.5,97,100,3.44,CN,1722027504
522,valdivia,-39.8142,-73.2459,283.2,83,56,1.2,CL,1722027505
523,chavantes,-23.0389,-49.7094,294.9,42,100,1.78,BR,1722027507
524,mutsu,41.2894,141.2169,295.16,94,75,1.03,JP,1722027510
525,pingzhuang,42.0372,119.2889,293.47,98,30,2.76,CN,1722027512
526,oltinko'l,40.8011,72.1634,303.79,22,4,1.74,UZ,1722027514
527,kassala,15.451,36.4,298.58,79,100,3.25,SD,1722027515
528,sao miguel do araguaia,-13.275,-50.1628,302.06,23,2,1.5,BR,1722027517
529,mitsamiouli,-11.3847,43.2844,298.16,65,65,3.48,KM,1722027518
530,buulobarde,3.8538,45.5674,297.27,80,24,8.07,SO,1722027520
531,bani mazar,28.5036,30.8004,303.37,39,0,7.62,EG,1722027522
532,morehead city,34.7229,-76.726,299.86,90,100,2.06,US,1722027523
533,chernyshevsk,52.5243,117.0174,291.88,70,98,2.13,RU,1722027525
534,zag,46.9441,99.165,286.97,71,99,1.73,MN,1722027527
535,rangkasbitung,-6.3591,106.2494,296.17,90,4,0.89,ID,1722027528
536,barbacena,-21.2258,-43.7736,293.88,46,0,1.54,BR,1722027530
537,pokrovsk,48.282,37.1758,293.55,36,5,4.3,UA,1722027531
538,hovd,48.0056,91.6419,293.16,49,54,1.69,MN,1722027533
539,yasinya,48.2794,24.3604,285.44,95,6,0.64,UA,1722027535
540,holly springs,35.6513,-78.8336,300.51,81,100,1.34,US,1722027536
541,tocopilla,-22.092,-70.1979,292.79,67,22,5.46,CL,1722027540
542,zolotonosha,49.6689,32.0377,296.0,40,100,2.42,UA,1722027541
543,tyukhtet,56.5389,89.3011,291.46,84,0,2.81,RU,1722027543
544,keetmanshoop,-26.5833,18.1333,286.66,18,45,0.0,NA,1722027545
545,gorno-altaysk,51.9561,85.955,292.09,92,48,2.22,RU,1722027546
546,lonigo,45.3875,11.389,298.59,73,2,1.76,IT,1722027548
547,nar'yan-mar,67.6713,53.087,280.32,82,100,3.27,RU,1722027550
548,brokopondo,4.75,-55.1667,300.57,76,61,0.59,SR,1722027551
549,el granada,37.5027,-122.4694,299.36,69,20,9.77,US,1722027553
550,coahuayana de hidalgo,18.7,-103.6583,305.88,54,86,3.15,MX,1722027554
551,banamba,13.55,-7.45,299.2,79,94,3.96,ML,1722027556
552,hadibu,12.65,54.0333,298.96,79,100,9.0,YE,1722027558
553,qusmuryn,52.4503,64.6311,288.05,67,96,9.24,KZ,1722027559
554,gamba,-2.65,10.0,294.88,90,100,3.14,GA,1722027561
555,mariehamn,60.0973,19.9348,292.07,88,0,3.09,AX,1722027563
556,moyynkum,44.2914,72.9469,302.78,37,60,3.1,KZ,1722027564
557,sakiai,54.9547,23.0358,288.72,88,4,1.24,LT,1722027566
558,dauphin,51.1494,-100.0502,299.23,41,0,8.23,CA,1722027568
559,palmer,42.1584,-72.3287,301.52,40,75,6.17,US,1722027569
560,jutai,-5.1833,-68.9,305.89,46,100,2.17,BR,1722027571
561,touros,-5.1989,-35.4608,297.51,78,5,5.83,BR,1722027572
